<?xml version="1.0" encoding="UTF-8" standalone="no"?>
<Messages>
    <Message order="1">
        <Id>ab8bc2ab-e569-415a-9167-4f192af45e3a</Id>
        <Priority>NORMAL</Priority>
        <Creation-Date>Wed May 06 12:19:25 BRT 2020</Creation-Date>
        <Expiration-Date>Thu Dec 31 00:00:00 BRST 2020</Expiration-Date>
        <Content>This is the message body...</Content>
    </Message>
    <Message order="2">
        <Id>9cc7e347-b18b-4c36-8f5d-cf9480896884</Id>
        <Priority>LOWEST</Priority>
        <Creation-Date>Wed May 06 12:19:25 BRT 2020</Creation-Date>
        <Expiration-Date>Thu Dec 31 00:00:00 BRST 2020</Expiration-Date>
        <Content>This is the message body...</Content>
    </Message>
    <Message order="3">
        <Id>14cda610-201a-4769-8bd5-7b00745a77e4</Id>
        <Priority>NORMAL</Priority>
        <Creation-Date>Wed May 06 12:19:25 BRT 2020</Creation-Date>
        <Expiration-Date>Thu Dec 31 00:00:00 BRST 2020</Expiration-Date>
        <Content>This is the message body...</Content>
    </Message>
    <Message order="4">
        <Id>5d71d161-9cf5-48d4-9b07-03d9f11e6ba5</Id>
        <Priority>HIGH</Priority>
        <Creation-Date>Wed May 06 12:19:25 BRT 2020</Creation-Date>
        <Expiration-Date>Thu Dec 31 00:00:00 BRST 2020</Expiration-Date>
        <Content>This is the message body...</Content>
    </Message>
    <Message order="5">
        <Id>4bd93254-7587-402b-824f-3b9fd5648b94</Id>
        <Priority>HIGH</Priority>
        <Creation-Date>Wed May 06 12:19:25 BRT 2020</Creation-Date>
        <Expiration-Date>Thu Dec 31 00:00:00 BRST 2020</Expiration-Date>
        <Content>This is the message body...</Content>
    </Message>
    <Message order="6">
        <Id>c1ce6b79-dfd1-485c-b611-9f55e1c4bd66</Id>
        <Priority>LOWEST</Priority>
        <Creation-Date>Wed May 06 12:19:25 BRT 2020</Creation-Date>
        <Expiration-Date>Thu Dec 31 00:00:00 BRST 2020</Expiration-Date>
        <Content>This is the message body...</Content>
    </Message>
    <Message order="7">
        <Id>afc0ae89-4fef-4816-96e5-74e91cf53fa5</Id>
        <Priority>LOWEST</Priority>
        <Creation-Date>Wed May 06 12:19:25 BRT 2020</Creation-Date>
        <Expiration-Date>Thu Dec 31 00:00:00 BRST 2020</Expiration-Date>
        <Content>This is the message body...</Content>
    </Message>
    <Message order="8">
        <Id>1c6030c7-3f97-4f96-870d-2d9fcf890197</Id>
        <Priority>LOW</Priority>
        <Creation-Date>Wed May 06 12:19:25 BRT 2020</Creation-Date>
        <Expiration-Date>Thu Dec 31 00:00:00 BRST 2020</Expiration-Date>
        <Content>This is the message body...</Content>
    </Message>
    <Message order="9">
        <Id>13134144-219e-4166-b01a-b393df9bbe6e</Id>
        <Priority>LOWEST</Priority>
        <Creation-Date>Wed May 06 12:19:25 BRT 2020</Creation-Date>
        <Expiration-Date>Thu Dec 31 00:00:00 BRST 2020</Expiration-Date>
        <Content>This is the message body...</Content>
    </Message>
    <Message order="10">
        <Id>5482c17a-3f8e-4249-a9ef-719ee548054b</Id>
        <Priority>HIGHEST</Priority>
        <Creation-Date>Wed May 06 12:19:25 BRT 2020</Creation-Date>
        <Expiration-Date>Thu Dec 31 00:00:00 BRST 2020</Expiration-Date>
        <Content>This is the message body...</Content>
    </Message>
    <Message order="11">
        <Id>f8c043ed-0966-47f4-a4c0-2e236945ce6e</Id>
        <Priority>LOW</Priority>
        <Creation-Date>Wed May 06 12:19:25 BRT 2020</Creation-Date>
        <Expiration-Date>Thu Dec 31 00:00:00 BRST 2020</Expiration-Date>
        <Content>This is the message body...</Content>
    </Message>
    <Message order="12">
        <Id>e3caab69-b7bc-4c27-a35f-ffcb8bbc673e</Id>
        <Priority>NORMAL</Priority>
        <Creation-Date>Wed May 06 12:19:25 BRT 2020</Creation-Date>
        <Expiration-Date>Thu Dec 31 00:00:00 BRST 2020</Expiration-Date>
        <Content>This is the message body...</Content>
    </Message>
    <Message order="13">
        <Id>f3f38075-7c09-4755-9822-c9b71661bac1</Id>
        <Priority>NORMAL</Priority>
        <Creation-Date>Wed May 06 12:19:25 BRT 2020</Creation-Date>
        <Expiration-Date>Thu Dec 31 00:00:00 BRST 2020</Expiration-Date>
        <Content>This is the message body...</Content>
    </Message>
    <Message order="14">
        <Id>3153dfdc-334a-436d-a3ba-6b8f9f490622</Id>
        <Priority>NORMAL</Priority>
        <Creation-Date>Wed May 06 12:19:25 BRT 2020</Creation-Date>
        <Expiration-Date>Thu Dec 31 00:00:00 BRST 2020</Expiration-Date>
        <Content>This is the message body...</Content>
    </Message>
    <Message order="15">
        <Id>c08d27bd-a991-48df-89da-7822dd57debe</Id>
        <Priority>LOW</Priority>
        <Creation-Date>Wed May 06 12:19:25 BRT 2020</Creation-Date>
        <Expiration-Date>Thu Dec 31 00:00:00 BRST 2020</Expiration-Date>
        <Content>This is the message body...</Content>
    </Message>
    <Message order="16">
        <Id>9dbd6392-1395-4dc7-a26c-22d58a913fd0</Id>
        <Priority>HIGHEST</Priority>
        <Creation-Date>Wed May 06 12:19:25 BRT 2020</Creation-Date>
        <Expiration-Date>Thu Dec 31 00:00:00 BRST 2020</Expiration-Date>
        <Content>This is the message body...</Content>
    </Message>
    <Message order="17">
        <Id>ac508a28-1fa7-4069-8df3-5acf68c9ade5</Id>
        <Priority>HIGH</Priority>
        <Creation-Date>Wed May 06 12:19:25 BRT 2020</Creation-Date>
        <Expiration-Date>Thu Dec 31 00:00:00 BRST 2020</Expiration-Date>
        <Content>This is the message body...</Content>
    </Message>
    <Message order="18">
        <Id>658f58f3-e1ad-4583-b4bf-77215d7ed84c</Id>
        <Priority>LOWEST</Priority>
        <Creation-Date>Wed May 06 12:19:25 BRT 2020</Creation-Date>
        <Expiration-Date>Thu Dec 31 00:00:00 BRST 2020</Expiration-Date>
        <Content>This is the message body...</Content>
    </Message>
    <Message order="19">
        <Id>bccd7364-c9a8-433f-b55e-ee296610b971</Id>
        <Priority>HIGHEST</Priority>
        <Creation-Date>Wed May 06 12:19:25 BRT 2020</Creation-Date>
        <Expiration-Date>Thu Dec 31 00:00:00 BRST 2020</Expiration-Date>
        <Content>This is the message body...</Content>
    </Message>
    <Message order="20">
        <Id>14364d27-f9dd-4420-8ec2-a28b55291705</Id>
        <Priority>LOWEST</Priority>
        <Creation-Date>Wed May 06 12:19:25 BRT 2020</Creation-Date>
        <Expiration-Date>Thu Dec 31 00:00:00 BRST 2020</Expiration-Date>
        <Content>This is the message body...</Content>
    </Message>
</Messages>
